"name","email"
"Clay Ingram","clayingram@tsunamia.com"
"Poole Marsh","poolemarsh@parleynet.com"
"Holcomb Dunn","holcombdunn@zilencio.com"
"Ramirez Williamson","ramirezwilliamson@multiflex.com"
"Mindy Chase","mindychase@netplode.com"
"Ellison Ayala","ellisonayala@uxmox.com"
"Bass Morgan","bassmorgan@proxsoft.com"
"Nunez Chan","nunezchan@qaboos.com"
"Cortez Pittman","cortezpittman@zidant.com"
"Pansy Bean","pansybean@opticon.com"
"Eunice Church","eunicechurch@micronaut.com"
"Letitia Cunningham","letitiacunningham@sentia.com"
"Gamble Keith","gamblekeith@oronoko.com"
"Mckee Duncan","mckeeduncan@vitricomp.com"
"Clarissa Simpson","clarissasimpson@shopabout.com"
"Harding Mckee","hardingmckee@insectus.com"
"Maggie Salas","maggiesalas@blanet.com"
"Donaldson Harris","donaldsonharris@buzzworks.com"
"Hilary Carver","hilarycarver@anarco.com"
"Dale Boone","daleboone@sensate.com"
"Sheri Paul","sheripaul@orbixtar.com"
"Estela Daniel","esteladaniel@zaggle.com"
"Cora Wagner","corawagner@parcoe.com"
"Whitaker Cameron","whitakercameron@xurban.com"
"Nichole Brewer","nicholebrewer@talae.com"
"Boone Nash","boonenash@mantro.com"
"Ewing Mcdowell","ewingmcdowell@cujo.com"
"Willa Dillard","willadillard@xeronk.com"
"Shelley Ochoa","shelleyochoa@mediot.com"
"Laurel Baird","laurelbaird@snowpoke.com"
"Leigh Barlow","leighbarlow@fleetmix.com"
"Jolene Forbes","joleneforbes@cogentry.com"
"Summers Mcintyre","summersmcintyre@talendula.com"
"Kristen Mooney","kristenmooney@tellifly.com"
"Nguyen Cole","nguyencole@tropoli.com"
"Allison Mccray","allisonmccray@exotechno.com"
"Riddle Todd","riddletodd@orboid.com"
"Amy Villarreal","amyvillarreal@cubix.com"
"Bradshaw Riley","bradshawriley@perkle.com"
"Finley Benjamin","finleybenjamin@omatom.com"
"Gabrielle Wilkinson","gabriellewilkinson@vixo.com"
"Lawrence Bruce","lawrencebruce@isoswitch.com"
"May Bennett","maybennett@lotron.com"
"Cruz Craig","cruzcraig@makingway.com"
"Jerri Ford","jerriford@plasmos.com"
"Moon Wilkins","moonwilkins@asimiline.com"
"Mccarthy Wiggins","mccarthywiggins@sultraxin.com"
"Lakeisha Dennis","lakeishadennis@emoltra.com"